563,731,2681,7684,2225,5354,7137,7230,6963,5,7292,2291,3723,3790,5866,6736,4733,1752,2194,8135,470,569,4006,8188,1621,2574,5926,7341,3484,4133,2222,3972,7693,2171,6703,6756,62,3751,1086,1593,3145,7899,8136,8181,3563,6000,1695,2340,878,8059,8268,6550,435,6268,4051,2728,3053,4844,6455,5839,2234,6087,4313,1163,8140,4098,6787,2332,3499,7120,916,121,3453,2331,3091,3829,5816,330,3830,4737,1818,4277,6811,7262,7268,456,2692,1361,1536,1578,8351,18,3494,3533,5043,2212,4522,5267,6416,517,1853,2595,2756,3334,4344,5557,5852,6730,7059,7190,7493,416,4523,5930,6301,6927,6098,6585,2188,5373,7332,86,1112,1484,8067,8126,4182,4581,2108,4048,4659,2426,7507,334,2805,3606,6957,7458,5990,5124,835,1248,1453,2047,1410,2120,2483,3037,3160,5786,7423,7986,8152,25,326,3760,4714,5190,484,5379,2840,2539,2549,2743,2846,3112,3388,3501,4153,4327,4380,4503,4839,5568,5664,5978,6545,6998,7524,7648,7771,488,3122,3710,3863,4916,6117,6471,6289,7007,5537,7103,95,185,1178,1261,1697,1976,2092,2334,2428,2447,8290,6521,6832,4650,2260,3167,5910,7704,57,6642,6648,5224,7674,2221,2445,2506,2782,685,4037,5449,6182,6453,6898,7192,7198,4013,4451,5037,4928,5252,5716,5719,4786,5243,7506,5894,5306,6896,7528,797,917,1132,1204,1380,1581,1749,1816,1896,1978,2058,2126,2437,2734,3188,3319,8109,8189,8262,8269,8315,8317,5551,6978,614,913,1992,3423,6786,5174,6088,6607,4840,6615,2328,3635,8017,8157,5715,6758,2282,2706,3117,7908,8142,8192,5492,2278,8032,658,7780,1521,1785,2131,2352,2400,3897,4224,4403,5040,7907,8123,8359,55,605,735,5825,6131,7102,7274,6266,7302,1499,1660,2130,2298,2496,2525,2853,3503,3911,3991,4019,4323,4876,5022,5240,7936,7969,8279,6257,7063,7473,1029,1898,4893,4901,2808,7247,722,6563,7811,7832,7563,155,274,302,313,946,1133,1194,1240,2242,2837,2947,3318,3551,3774,4306,4462,5353,5552,5790,6188,8065,8182,7536,1772,3754,4556,7589,144,2722,5061,2325,2629,5064,7623,1258,4654,5627,6867,5760,208,6180,4027,5440,1131,783,2183,3440,5067,3450,6866,8077,8076,7411,6548,961,6671,1226,2896,1347,3677,5317,4465,3902,5451,3275,2409,2998,948,966,2517,564,6670,720,3008,4063,1567,567,6297,2272,3274,4160,4495,4879,6296,1979,2765,2956,3556,3638,3778,3852,4117,4392,5821,3402,3968,6835,707,7355,5350,297,2961,7317,3709,1433,1216,3128,3910,4555,4682,5203,5210,2259,1427,2648,3023,757,4679,7125,2132,4276,4112,1267,3114,6889,6161,8013,8256,2035,5673,2034,5260,5222,8143,910,1118,126,6656,2502,1594,212,7724,3434,3693,5491,6421,7970,7427,4923,7377,7266,2031,5704,6482,3493,3524,4450,6863,4000,5556,2789,657,4736,5693,6737,4253,7429,7779,1089,7892,146,1648,2627,3058,4212,4774,6614,6884,6995,7066,7787,748,4260,4699,3158,1135,148,7512,3575,8199,2488,864,8053,4815,3859,1318,7757,3492,2757,3012,6977,6753,7551,2391,1949,5470,4769,5999,5453,6651,381,695,2644,3463,7683,5021,837,947,1213,6632,2033,3679,7657,3210,2127,2452,4235,6189,2913,4663,2061,4638,7755,7160,2389,7916,1546,3244,4880,8175,244,5105,6487,5525,7315,1698,8338,5418,5407,2176,8328,7810,4274,2817,4671,4252,4971,2458,6685,2175,5390,4434,2540,5620,343,4383,3779,4594,4790,3253,5245,2293,2581,8166,7334,4350,6374,3534,1409,1956,2398,3030,5053,2499,3889,4605,4854,7218,7940,8035,3541,7005,2182,389,4603,4977,4885,5977,647,7513,1059,414,6485,7053,5661,1111,2721,3894,5023,4570,4582,1595,1878,6277,2084,2575,3174,2603,6549,1211,2292,5380,6222,7804,6282,1468,3560,5119,6270,1265,1285,4191,4237,5072,730,5675,6689,5641,1498,3049,549,2435,6491,3468,1678,3736,3969,8364,7459,4568,1284,6970,683,8107,1008,3068,766,5270,2107,1122,5408,4894,5467,952,6367,1049,3841,1126,6726,1928,6104,7557,5720,4272,7143,7144,7895,4248,7454,3411,5824,5403,6717,2761,3132,6062,7529,3410,4215,3625,7743
3,3173,26,4368,7127,7368,4608,1778,242,254,384,4245,492,2783,557,6972,7943,636,742,749,1587,7859,912,1020,1110,1238,3019,6112,6951,1259,1281,7489,1331,1476,4284,1622,1748,1780,1905,1923,1986,5774,5982,2371,1987,3683,7357,2003,2079,2133,2139,2190,6858,2205,2280,2284,4458,7069,2407,2423,2746,2438,2542,7239,2616,2759,2786,2824,2843,2857,2879,2897,2946,5931,3296,3336,3351,6554,3354,3555,3559,6350,3707,4543,3729,3966,3971,4002,4067,4085,4096,4353,4397,4400,5629,7669,4509,4615,4536,4548,8316,4618,4673,4832,4874,5536,4940,4968,5135,5177,5214,5341,6705,5257,5834,5860,5983,6018,6234,6353,6400,6526,6792,6954,6992,7070,7627,7798,8111,7850,7873,7894,7905,7915,8120,8241,8283,8288
82,135,287,1390,3111,6942,1659,4575,5868,571,2724,3229,6043,6846,6323,1309,6520,2636,5586,3079,3177,6708,3290,922,1077,1496,2825,1072,5561,363,468,3935,4574,4862,5208,6233,6249,6447,6847,1335,1694,1862,2114,2269,2404,2553,3143,1357,2577,976,5196,421,5880,4997,6077,5870,6967,7139,2935,5922,2657,3865,732,1115,3549,6994,2964,5019,1460,7829,1093,5567,2807,6821,3987,6646,2541,3749,3314,4974,7618,6789,3763,3864,6878,6469,8224,6276,7805,6181,7526
5847,491,7159,1662,10,214,299,1530,1610,2050,2319,2320,2382,2422,2478,2674,2740,2994,3022,3156,3237,3432,3647,3711,3850,3858,4427,4565,4592,4609,4658,4661,4669,4936,4989,5667,5818,5882,5902,5970,6038,6040,6307,6624,6725,6775,6797,6851,7189,7405,7462,7463,7663,7731,203,393,3348,5014,5083,6801,7244,7297,914,1102,8190,8259,8319,2294,5729,843,12,6002,6798,3989,27,1494,1629,4719,5419,5885,5886,6160,5853,7224,7813,1935,7001,4483,5032,5417,6547,2362,3341,3678,4181,5501,1934,2834,4558,3267,3215,7022,807,918,7942,8016,2449,2544,7975,8291,478,3163,7129,7766,288,2912,3066,5304,5479,6401,7366,345,438,4683,5287,2645,136,824,847,929,931,986,1181,1272,1630,1860,1876,1917,1970,2238,7893,8131,3420,4814,4664,1323,5591,52,5962,1381,2145,2744,4381,54,4752,59,6366,7487,6177,7101,6684,7072,7258,518,1606,1758,2324,2416,2926,2983,3630,4028,4404,5158,5754,3929,83,350,1493,3724,6293,6790,5396,2904,88,477,1288,1336,1518,1582,2117,2308,2344,2457,2503,3568,3572,3869,3941,4009,4089,4210,5036,5247,6047,6113,6370,6380,6672,6774,6830,6891,6950,7590,7603,3593,6952,3940,6165,163,1824,2512,268,5511,6379,7835,7947,8121,6419,697,6027,6533,3116,6407,6943,8238,96,1965,2223,5607,6064,1605,3890,4265,4269,6722,5254,1437,1438,8242,97,319,643,1107,1617,1830,4059,6663,6808,4266,99,1501,1623,3036,3914,5789,7753,820,3266,7240,5025,133,409,5953,8066,452,165,2836,4576,5006,5519,6216,7235,7587,4333,6093,7316,2125,3581,7153,675,3634,7586,848,1129,1317,8116,166,4200,2048,5278,3409,5289,7537,5110,5015,8078,2323,2718,3839,3992,8225,191,356,5865,7475,3722,5184,4183,2951,4521,1155,4081,6278,5253,728,3977,3364,1903,4534,4765,4024,6451,520,2479,2673,6776,7206,219,7636,2700,3669,6480,789,473,2329,2701,4410,7659,6001,978,1101,1103,1205,1303,1710,8292,3520,3671,3880,5012,6463,354,2866,3141,5703,6120,7406,7632,7761,5768,7141,977,1658,7897,3613,7851,8251,3311,3451,4173,4625,5375,5382,6322,6486,7549,1721,8110,6915,241,2537,7194,5263,8010,6709,4155,2185,7812,6279,3154,6598,471,6707,312,8171,3544,6339,1644,8227,7438,461,6175,6105,7422,2064,2154,3618,4713,1047,2348,5232,6041,951,1150,1769,727,7183,7193,4904,6557,6918,1483,1914,2450,2852,3071,3342,4091,2620,3441,6398,523,7278,5384,1454,4768,2771,5314,4628,650,2739,1337,4559,1393,5819,6777,1230,5290,759,2158,3213,4185,3562,2372,6154,4794,5143,6079,5617,3349,4899,1185,5010,6166,8033,3785,1588,3403,1964,5102,2527,7853,2301,6110,6699,4297,5444,7900,3948,4105,5642
7265,64,7171,7271,7293,7697,7794,7667,391,1791,2667,3646,3900,3919,5136,5343,5752,5991,6619,7871,8267,84,401,1477,1961,2044,5280,6197,6882,6989,7796,1246,1252,1355,3054,3295,3504,4046,4348,4886,5001,5363,5829,7556,7612,7737,1646,2051,2675,4025,4686,5385,5529,5735,6848,7165,7443,7461,7502,5625,7182,2617,4804,6669,2859,7994,8220,85,1297,2884,3437,1971,7849,100,2041,7300,5069,5928,1730,5226,8246,106,2209,5638,8074,6625,4639,296,161,2080,4863,5386,6517,1693,1962,5207,5993,7099,4485,3150,4705,713,1972,2552,2565,2665,3934,5646,2076,6250,2936,5271,5808,2405,2891,3085,4329,5080,6324,6446,7009,467,3142,6232,362,3151,872,1247,1298,1334,7955,8363,4326,7765,4069,4369,6267,4501,7138,6945,5776,4332,2248,253,3331,4517,4577,5728,7762,3227,1193,2333,8087,255,639,2555,3818,4198,4399,4546,4633,5941,6493,6611,7068,7433,406,2880,2970,3032,3692,6571,6666,7008,7628,7687,3374,6075,6384,1827,2039,7872,8174,282,6600,5468,4875,6601,1301,2754,7918,4704,4865,3942,5004,6056,6072,1861,5981,5137,4285,7699,4947,5369,2799,3700,8133,8245,4325,6417,8195,446,5458,6634,7736,7772,1988,7877,1942,475,5573,6844,5066,519,5781,6345,6874,7732,1346,3702,4108,5164,8366,542,6865,7038,551,6386,7680,6143,1083,2934,3003,3672,4107,4674,552,554,7931,4464,4954,601,6780,7135,6527,5628,6349,8119,710,829,5924,726,6019,6200,6868,4412,3294,8064,1985,7923,5528,1293,1300,7221,7309,3353,1544,1647,1650,5888,4288,4075,2917,4394,2666,6872,1899,5381,2045,2609,5461,6242,5457,2192,7946,2203,5895,2243,2265,2406,2554,7061,3059,3123,3162,5063,2800,3786,7520,5992,4942,3084,5869,7929,3228,4549,6342,6404,7181,4788,5414
4471,7468,5867,8,3385,4240,4670,29,3406,4692,5555,773,2779,2815,2908,2952,4493,5033,5182,5193,5570,6532,7015,7046,7185,5262,7324,539,4103,3789,195,1244,1280,1408,1569,1795,1797,1947,2224,2359,2441,2532,5807,37,8272,1796,3579,1974,4264,600,2065,4711,819,4640,2519,1980,2015,2839,5376,725,4241,3777,4855,183,6129,595,186,200,1828,217,2634,6039,6925,7026,7339,998,7944,4184,7349,7742,706,2220,805,234,5303,2694,5918,5952,355,1182,1696,8146,2494,3832,4221,277,854,1116,7330,6595,2349,856,2725,7956,2631,1881,8001,5957,3720,5227,3422,1946,7363,2268,3955,7173,3421,2421,750,4937,2643,901,2693,5630,4097,6553,7449,4812,6192,5035,2026,3651,1875,7356,8281,1328,1363,5984,1549,2112,3922,7396,3224,3379,4967,3460,2522,5322,5367,6654,8163,3171,3976,4657,4675,4689,5558,5840,6569,8172,3312,7133,3794,5958,4120,5217,6456,6095,7665
7428,227,4152,2741,6086,4838,176,5464,4915,1180,213,3392,7404,276,3548,5334,417,7104,1037,3332,8071,1933,674,7370,3823,6403,4910,5233,4931,1350,1478,6581,5107,1963,3377,2088,2838,6763,2433,5682,5028,2755,7641,3727,6658,7327,4165,5349,5201,8228,8112
58,151,230,308,529,633,1326,1599,2024,2168,2356,2393,2397,2472,2476,3013,3835,4114,4411,4444,4512,4587,4895,5017,5154,5632,5730,5788,6023,6137,6142,6245,6606,6660,7605,7633,7640,7646,7652,7728,7840,8027,8115,8209,2661,2918,4979,7197,4419,1843,4218,1959,2827,4965,5108,790,2007,2266,3949,4623,6538,6757,7464,7598,7921,2067,3101,5612,6225,21,525,2211,2466,3211,3216,4231,4796,5576,6226,6710,534,3655,3771,6415,7136,7361,7456,307,4744,6904,651,2180,4174,4781,5711,6996,2978,36,701,724,768,2803,2882,4985,5672,6871,6955,7083,7255,2289,2311,3502,4111,4758,5141,7054,5236,6564,3405,4341,6273,4739,4823,6678,711,3546,5282,5480,5621,6584,7466,568,2396,3482,3624,5486,6158,6894,6923,7378,7421,7579,91,129,157,857,908,1069,1104,1159,1172,1176,1214,1368,1398,1424,1470,1702,1745,1955,2142,7861,8295,6081,4131,5779,2381,2561,2842,3304,4289,7201,3090,6869,5848,3857,4472,5547,6319,6650,6880,7076,7514,4447,5859,3988,589,6141,199,229,1239,1294,8020,8082,7188,7620,2682,4637,5975,6179,7774,233,1639,2375,3813,8270,31,68,379,428,531,736,755,2901,2942,2948,2958,2963,3395,3416,3471,3483,3767,3860,4125,4320,4391,4423,4622,4693,4695,4767,4819,4870,4956,5044,5100,5139,5284,5328,5337,5476,5517,5544,5574,5702,5724,6116,6217,6331,6483,6530,6567,6640,6831,6853,6905,6921,6924,7006,7011,7031,7203,7256,7285,7348,7350,7379,7455,7580,7609,7741,627,649,660,2997,3309,3715,3875,4118,4232,4342,4454,4506,4569,4782,5034,5274,5276,5498,5514,5600,5708,5757,5843,5851,5961,6284,6357,6388,6408,6679,6779,6893,7039,7048,7248,7254,7570,4525,4738,6496,6906,6953,7467,7685,92,112,127,173,179,193,205,210,223,279,860,923,954,1036,1095,1120,1175,1179,1215,1217,1268,1353,1369,1420,1423,1431,1535,1551,1637,1671,1708,1742,1746,1808,1939,1954,2000,2052,2081,2094,2164,2202,2312,2330,2388,2395,2419,7862,7919,8048,8092,8122,8211,8273,8331,8352,6515,5858,763,3383,4552,5986,6497,7409,4424,7546,4597,821,1480,2170,2730,2938,3029,5584,5401,7569,5709,5437,839,979,2679,4771,6005,5907,3886,4101,4186,4588,4653,5092,5336,5371,5615,5656,5856,6256,6440,6990,7019,7228,7395,7460,7555,7801,457,5814,4921,5969,538,5833,6470,251,853,1026,1109,1740,1800,2129,2346,2392,2723,2868,2989,3124,3202,3528,3607,3626,8009,8042,8264,41,43,4690,5153,6244,6732,6879,7229,150,309,344,1314,1514,1763,1884,2029,2104,2300,2394,2403,2560,2894,3303,3345,8005,42,6092,6434,5085,6477,7645,7649,7729,681,4869,6203,7238,580,734,756,4816,7233,7744,5493,6006,269,373,938,971,1085,1113,1315,1607,1847,1848,1887,2002,2835,2848,3074,3589,3870,3933,4058,7863,7868,7902,8334,45,6498,2376,4257,7079,3394,1625,50,5086,5129,5329,5431,5590,5648,5723,5876,5916,6151,6155,6556,6935,7196,7382,7432,515,6055,6205,6806,6519,656,662,5554,5997,6681,6771,7030,7531,7654,6715,7279,141,175,413,455,815,889,900,1124,1520,1614,1654,2273,2275,2380,2402,2490,2504,2588,2695,2704,2750,2941,3004,3034,3105,3185,3234,3465,3523,3657,3802,4088,4094,4126,4169,4316,4322,4438,4453,4514,4579,4772,4872,4982,5039,7857,7886,7958,8128,8165,8170,8303,8311,1342,1991,1373,3333,4338,1508,1813,4312,5562,7912,8030,8219,60,6229,7833,3322,4896,8193,61,1731,743,66,314,1106,2788,5727,7369,7499,7522,7525,7759,7806,7688,7725,7336,7424,7678,7578,7760,7500,7671,128,331,388,505,508,533,666,670,692,702,723,738,840,887,911,970,983,1060,1067,1070,1090,1160,1171,1210,1362,1430,1471,1516,1686,1705,1916,1957,1982,1983,2032,2113,2181,2233,2253,2257,2434,2485,2534,2590,2594,2606,2672,2678,2707,2965,3082,3138,3164,3288,3329,3337,3439,3477,3538,3547,3612,3772,3773,3798,3881,4066,4226,4251,4267,4282,4336,4379,4398,4490,4504,4652,4735,4756,4822,4944,4953,5307,5308,5400,5416,5424,5481,5535,5578,5594,5712,5756,5831,5948,6133,6157,6272,6290,6295,6336,6414,6422,6423,6667,6822,6856,6941,6966,7071,7093,7318,7882,7964,7977,69,849,4500,6024,6823,73,7602,429,560,1714,1815,2641,5265,6080,6439,7492,8060,3276,4951,6051,3831,80,880,1473,1737,2083,2696,2856,2871,5878,6876,8287,103,885,950,1310,1890,2096,2752,4877,5500,5884,6066,6327,6356,7791,339,884,944,1079,1547,1554,1867,2303,2748,2847,2960,3597,3600,3617,3740,3892,4544,4851,4892,5091,5125,5344,5474,6196,6587,6690,6762,7044,7106,7175,7299,8214,709,1184,1236,1296,2020,2716,2924,4036,4716,6949,7351,8086,7922,6665,7776,4789,3611,1919,1177,2290,7337,3609,4966,3201,4700,5968,6920,1503,4441,4722,1144,3591,445,625,958,1913,5892,6109,6589,4727,6982,1751,2899,6610,405,1023,1703,6747,7130,143,2009,252,1152,3999,8047,8236,98,290,2297,4039,5121,5919,8045,102,368,677,776,2869,3378,3654,4296,4386,5658,5874,6299,7305,7498,7651,7656,4043,420,5365,5677,793,8096,1096,2014,3157,5238,7407,719,1538,2091,3028,4480,4539,6326,7701,1235,3061,3696,4119,4530,5657,7051,7392,606,5220,5532,5913,877,935,7930,8015,8307,6833,4697,7263,6657,6759,1616,5443,6859,3419,6785,3067,2413,357,1426,3924,387,7501,867,7906,8176,8347,3557,196,2500,604,3255,909,1366,476,6269,6845,689,3938,6009,6341,4436,4995,8294,3035,3413,463,2167,3261,3369,3820,4145,4710,5483,5506,6639,6662,2060,7043,1723,3254,8301,8321,2775,6050,1457,4647,5447,5540,6784,3650,145,1415,1529,2296,2589,2713,5048,5421,7024,7335,1977,4687,6813,1673,3148,7639,378,3878,4104,4078,2831,1725,806,1048,1145,1146,7854,7934,7993,8162,8325,834,6035,8205,218,7560,152,4672,6744,6094,2601,5897,320,7661,3956,6034,7664,4641,1486,154,1557,3758,4949,7232,2110,4428,2101,2191,4362,4859,5737,6574,441,3734,4390,5899,7655,4773,1063,5666,1068,3431,6528,1533,8069,3199,4463,925,1675,4835,4195,1558,192,7710,4130,5778,8280,6392,198,2025,5423,4050,3262,7538,4677,7834,5823,6443,4573,7904,6711,4721,2943,740,4158,1173,8210,278,2640,2959,3272,5611,7416,6351,1078,1419,4743,6828,1233,1999,6461,7296,2828,4197,215,559,747,2193,2277,2321,2954,3260,3670,4426,4811,5636,5713,5954,6020,6201,6503,6593,6946,7290,7733,676,2647,2811,3189,4228,5822,5881,6330,6819,6852,7720,792,882,1354,1603,1756,1900,7945,8185,8194,8254,8336,5383,7312,3302,222,6929,4021,3664,1358,2593,4188,4636,6592,7021,7162,458,2439,4015,5490,6184,4122,588,3804,5538,1141,1441,1801,2173,8063,8216,4280,371,1706,2071,7909,5462,6509,5796,7033,5335,4891,1151,1455,4335,5678,5901,1031,1234,6524,4694,4303,6513,6919,4939,1243,1727,2162,2649,4324,967,1004,4629,5550,4624,4018,1922,8018,7713,1045,2886,5494,382,4418,2367,6281,3531,6171,2608,6947,1811,2090,2571,3822,7891,8022,7410,4571,2464,3424,2089,7511,451,798,4395,7971,2408,4137,5947,5936,7782,965,2118,2889,8039,5495,503,5393,1035,1592,2053,2735,3204,3495,4110,7985,8367,7830,1092,1429,1461,3212,3594,4810,7852,842,1902,4593,3050,7064,852,1794,2992,7213,2720,4124,1018,5854,584,6608,590,4945,597,8021,2455,4856,8253,7681,851,7709,8061,3750,646,2055,3795,5670,3325,7345,984,1052,6210,6754,690,990,3509,3704,7084,5595,7273,3478,6437,3326,3909,4564,795,8034,5104,3994,6224,6430,4396,8093,3447,1071,5436,3525,1228,4151,7049,1367,1670,7775,1668,3358,4515,5836,2444,2509,4123,2762,5211,6727,7450,6933,4734,7540,6870,8208
4234,6677,610,1929,7552,5837,349,2621,4082,105,107,225,1854,1871,3862,4842,6106,6405,5052,226,6048,602,3603,7214,8000,224,3931,6425,232,8091,3095,6287,6288,5652,4717,2267,3327,3129,1633,3096,5484,893,1080,2288,1512,3007,3954,5007,5074,544,1870,3932,611,5817,1057,2006,2150,2933,5296,2245,8173,5200,8160,4330,8141,1596,4370,7647,5463,1709,7172,4798,1930,7287,2030,4148,7397,7398,6424,7803,2208,2528,5813,6537,6546
6,3256,6052,1319,6065,6683,5169,5810,6426,7783,8200,5406,5372,2873,3243,3425,7169,507,2875,4286,5914,3219,4214,4230,1370,1584,2357,5180,6693,7781,7283,4268,5325,7535,7694,5178,5230,5797,5366,4917,270,997,1114,1463,2207,2604,3780,3873,3950,4045,4134,6804,1087,6629,4963,3133,6580,3728,7496,101,3691,4913,1134,1707,4162,5009,8118,3608,6060,3872,170,714,2149,5465,5938,5979,6265,7261,6843,216,4217,7121,7436,1759,6616,4177,594,1950,4724,6752,6888,1200,4209,5945,6467,6191,2063,2872,275,3242,1672,1683,2111,1108,4656,5987,209,2465,1007,1432,2414,1786,5805,5075,5286,6809,4491,5183,1466,4179,641,6207,2758,4930,6063,3896,550,4355,4056,6208,626,3512,5197,782,7547,5989,7554,833,3915,5256,3543,678,7625,903,721,3570,3742,7147,5295,7984,5582,7367,2523,1197,4477,5659,5442,4761,6652,5681,1649,6704,5187,4292,8308,3363,5799,6262,7057
266,784,2885,2957,4466,5148,5541,6036,7712,8348,189,1028,1953,2236,2895,4407,4924,5549,6348,6692,7288,2777,1925,4528,5002,5784,585,5802,6122,1467,1720,8226,4532,7439,44,669,1013,8296,5718,3516,6969,3360,265,5198,7167,4263,6441,3387,802,1573,8147,2526,5165,6393,1657,4494,6032,2905,3817,4408,5701,6285,7152,7323,7471,6682,831,1880,7917,32,5772,7179,6340,329,3737,5157,6007,6948,2945,6691,509,2326,3913,6236,7738,6794,586,1237,2424,408,2410,2576,2818,3020,3140,3282,4489,8285,47,5219,3806,8177,53,5425,1849,2146,4747,5315,7962,680,6115,744,6605,6746,700,582,540,1439,1574,2611,3108,4431,8361,2011,6481,999,1320,1766,5454,5793,7954,1729,6452,4681,6026,6058,3766,5172,5192,6964,2313,2999,3407,5279,5794,6114,6435,6712,7626,511,3361,3891,5800,6723,7246,7371,7572,7616,7836,358,2075,2914,3814,6892,7703,3206,7457,7474,2390,366,3481,2136,2378,4149,2781,2717,2772,799,1421,5450,3176,1704,3103,4984,6008,3764,4762,3214,5472,5933,1316,7740,3974,4980,5872,6286,7653,7751,7827,2677,7134,928,1413,7346,346,2612,6748,5602,3286,2459,6067,3962,5927,6321,4220,5473,5971,6735,7304,4304,3131,3781,4792,7505,535,3115,1187,1206,1307,1531,7869,8232,3306,5619,5068,1295,4583,1382,4698,4030,4314,6156,7177,7592,425,2513,6369,5160,8286,394,619,2826,3291,3643,4442,4760,6360,3975,7276,292,5191,291,2652,7178,7635,855,921,945,1495,1497,1674,1781,2187,2327,8306,3198,1619,7311,1733,6167,5059,7047,1097,8204,1904,4860,593,4551,6011,328,4163,4993,5020,1041,1565,2511,2633,2944,3221,2103,1661,5362,6720,6169,5731,6246,7157,5221,861,1591,3285,3305,2548,4701,4584,5688,5771,7831,1053,1462,1910,8313,3645,6706,7708,2374,6053,5748,640,1879,621,6913,3595,7225,5446,2676,7750,1322,8011,777,5098,5259,1349,5342,2138,2256,4778,5548,5507,3488,741,7023,7953,8037,7372,4809,4912,7344,915,3708,3629,1719,5435,5313,3706,1718,5228,1125,8186,3923,3632,5530,2420,4236,6558,7207,5726,1374,1412,5964,3268,6354,2353,5288,6448,4429,2495,7374,5761,7748,5655,5592,4233,6912,3687,4194
4,14,33,34,49,70,71,79,89,93,137,140,153,174,177,204,221,228,259,261,264,284,285,286,293,294,295,298,317,2514,338,4766,342,359,383,385,400,403,411,412,423,424,433,440,442,454,462,464,466,474,489,498,506,510,512,514,541,553,578,596,615,631,632,635,655,661,673,687,688,705,708,712,718,737,746,751,753,3078,785,786,787,788,794,800,808,809,811,812,814,841,845,846,850,866,871,873,875,879,883,888,896,899,936,942,943,981,989,1010,1011,1014,1033,1034,1039,1051,1062,1064,1065,1073,1081,1082,1123,1128,1136,1137,1142,1209,1227,1229,1253,1254,1256,1260,1264,1266,1277,1278,1279,1286,1287,1292,1304,1305,1376,1377,1385,1386,1387,1391,1401,1425,1447,1448,1464,1472,1474,1475,1481,1482,1500,1506,1509,1517,1519,1553,1556,1559,1562,1570,1571,1586,1611,1612,1613,1626,1635,1642,1643,1645,1652,1653,1655,1656,1685,1692,1700,1711,1715,6645,1722,1724,1726,1736,1741,1754,1776,1777,1792,1805,1819,1820,1821,1822,1823,1845,1846,1858,1866,1886,1911,1926,1936,1937,1960,1968,7937,1981,2012,2013,2018,2019,2021,2023,2040,2059,2082,2085,2086,2098,2100,2128,2134,2135,2152,2163,2166,2197,2198,2246,2247,2251,2252,2262,2264,2274,2281,2299,2317,2339,2354,2370,2379,2383,2384,2385,2386,2387,2401,2415,2417,2429,2430,2431,2432,2436,2461,2467,2468,2473,2474,2491,2508,2521,2533,2543,2556,2559,2563,2564,2578,2579,2582,2583,2584,2585,2586,2587,2607,2618,2637,2638,2639,2658,2687,2688,2690,2703,2709,2715,2726,2736,2747,2753,2766,2780,2802,2806,2810,2812,2813,2833,2844,2867,2870,2874,2878,2890,2919,2923,2937,2940,2949,2962,2973,2977,2985,2986,2987,2988,2991,3002,3016,3017,3018,3027,3033,3040,3041,3042,3045,3055,3056,3081,3098,3102,3104,3109,3118,3121,3125,3126,3127,3144,3149,3161,3170,3172,3184,3192,3197,3233,3239,3280,3320,3323,3324,3330,3338,3343,3359,3365,3368,3371,3373,3376,3384,3390,3408,3426,3427,3428,3445,3446,3454,3455,3461,3462,3464,3479,3505,3508,3518,3522,3535,3552,3553,3554,3561,3574,3577,3584,3585,3596,3599,3614,3619,3641,3656,3666,3667,3681,3686,3689,3695,3699,3701,3703,3713,3714,3733,3738,3739,3743,3744,3757,3765,3787,3788,3801,3810,3819,3821,3854,3855,3856,3898,3899,3905,3906,3908,3916,3918,3936,3944,3957,3973,3980,3996,3998,4004,4032,4035,4053,4060,4061,4064,4083,4084,4086,4087,4093,4099,4144,4150,4154,4159,4168,4178,4199,4205,4206,4207,4208,4249,4298,4299,4308,4315,4321,4328,4331,4347,4351,4352,4356,4359,4361,4388,4389,4415,4416,4432,4437,4439,4452,4467,4478,4479,4482,4510,4513,4545,4553,4560,4563,4566,4578,4598,4601,4610,4611,4612,4616,4617,4632,4646,4649,4685,4709,4715,4718,4720,4728,4740,4745,4748,4777,4783,4784,4803,4830,4833,4843,4850,4858,4871,4873,4883,4905,4906,4907,4908,4909,4919,4929,4943,4948,4961,4969,4970,4978,4981,4986,4991,5000,5038,5042,5079,5090,5094,5099,5103,5112,5113,5118,5130,5131,5132,5145,5156,5162,5163,5167,5168,5176,5188,5189,5218,5223,5225,5231,5237,5244,5249,5250,5251,5258,5264,5272,5273,5292,7816,5333,5339,5357,5364,5377,5391,5392,5397,5405,5412,5426,5427,5428,5429,5430,5433,5456,5460,5478,5482,5487,5488,5499,5505,5508,5509,5521,5522,5539,5553,5565,5580,5585,5589,5593,5597,5610,5647,5649,5650,5653,5668,5669,5680,5683,5684,5721,5722,5725,5734,5736,5743,5744,5766,5780,5798,5841,5844,5855,5861,5875,5883,5898,5904,5909,5911,5912,5915,5917,5925,5944,5951,5956,5963,5972,5996,6010,6013,6029,6033,6045,6046,6054,6069,6073,6078,6099,6100,6101,6102,6121,6132,6134,6135,6138,6139,6144,6145,6148,6152,6153,6162,6163,6170,6204,6209,6220,6235,6243,6253,6254,6261,6291,6310,6311,6317,6325,6332,6337,6347,6368,6375,6376,6387,6402,6412,6429,6436,6445,6462,6468,6478,6492,6502,6506,6508,6516,6518,6522,6523,6525,6536,6542,6555,6560,6561,6565,6573,6577,6578,6579,6596,6597,6599,6609,6612,6613,6617,6620,6637,6638,6643,6661,6680,6700,6714,6745,6760,6761,6773,6781,6782,6802,6805,6814,6817,6818,6840,6842,6854,6860,6861,6862,6873,6875,6909,6910,6917,6922,6930,6931,6936,6944,6958,6962,6981,6985,6986,6991,6993,7017,7018,7029,7036,7037,7042,7050,7056,7073,7074,7075,7077,7078,7088,7089,7091,7092,7098,7108,7117,7124,7149,7150,7151,7164,7168,7174,7180,7195,7204,7215,7216,7217,7222,7231,7241,7251,7252,7253,7257,7260,7267,7272,7298,7308,7322,7333,7353,7375,7376,7384,7386,7387,7388,7389,7391,7399,7412,7419,7431,7434,7440,7441,7442,7469,7472,7485,7491,7503,7516,7521,7527,7543,7544,7545,7561,7562,7567,7585,7593,7597,7608,7611,7619,7624,7668,7686,7691,7696,7698,7700,7716,7717,7718,7719,7721,7722,7723,7735,7754,7763,7773,7789,7795,7802,7815,7817,7858,7864,7870,7874,7875,7876,7885,7910,7948,7950,7951,7957,7965,7966,7995,7996,7997,8014,8029,8043,8049,8073,8085,8099,8103,8104,8105,8106,8117,8134,8145,8148,8155,8158,8159,8164,8169,8196,8198,8213,8223,8230,8231,8235,8260,8261,8284,8289,8300,8302,8304,8310,8320,8324,8333,8339,8341,8342,8343,8344
2,3958,4244,4497,4749,6796,5302,5455,6570,6838,4600,376,858,1679,1688,1744,1864,1948,2153,2172,2531,3159,3621,8203,8217,8239,16,577,2095,2615,3352,4040,4660,5045,5939,6622,7123,7705,6551,7630,7767,2411,2460,2794,3448,3459,3637,4170,4414,5186,5351,5459,5637,6172,6219,7034,7497,7692,2338,5215,5471,7629,693,1762,1973,1995,3580,6076,6582,7747,1050,1417,1523,1527,7890,7928,7935,7980,8327,38,3979,6839,6855,5358,5671,6125,7637,7662,4975,4460,4712,7352,5921,4821,7566,4080,6552,5441,7734,6371,6449,7373,4054,5604,7426,4935,5420,6294,333,902,919,991,1019,1188,1201,1526,1585,1747,1814,1863,2184,2316,2573,2623,2650,2664,3130,3236,3506,8062,8255,40,48,4751,5115,5346,5524,5605,5755,5765,5777,5935,5946,6183,6252,6778,6825,6890,7161,7447,7617,7679,7828,501,4014,4343,7711,583,4911,5293,5319,6263,7604,502,220,870,960,1302,1399,1440,1601,1793,1872,1893,2119,2239,2516,2592,2776,3119,3207,3472,3602,3616,3803,3895,3925,3945,7837,7949,7973,8072,8215,5663,6588,7205,5804,5204,6096,6298,7415,5674,5812,6559,6719,6829,5173,5543,6068,5058,6004,6466,6987,7417,6772,6877,6082,5832,300,311,450,803,859,1306,1330,1490,1515,1765,1834,1868,2341,2369,2515,2572,2651,2737,2982,3024,3046,3489,3514,3569,3588,3601,3673,3755,3828,3964,3986,4031,4042,4378,4596,4750,4797,4831,7896,7913,8057,8097,8114,8153,422,2702,7097,134,3761,4402,3222,449,2446,7770,1859,4723,5477,7126,7583,480,3110,4941,162,4779,6543,4068,4837,5940,7128,1273,7982,8130,2683,156,1810,4175,5140,6514,6534,6812,934,1428,1459,5937,4077,7237,973,6344,5560,7275,760,4988,6343,1488,1775,1941,273,7631,3223,3660,5241,6241,4020,6474,1892,2345,6974,7105,5900,6820,5320,7515,7140,1263,2155,2456,7559,332,576,372,3310,374,4857,4890,1344,2343,4960,4498,7326,4287,1364,3182,407,4279,5577,6940,7488,7672,4983,962,1469,2102,2887,3047,3183,3762,3937,3283,3718,1348,7532,933,1343,2558,2809,2821,1615,6391,3507,3799,495,7553,6488,8234,1738,7286,1641,1224,4541,1897,645,6687,1564,652,667,698,699,6037,5355,791,1186,2361,2699,3313,4572,7313,8184,1589,3246,7510,5018,2157,2655,3697,2156,3048,1158,8322,3136,5773,3269,7347,8100,2927,3181,3759,4868,1156,3717,5769,7799,6223,2605,1651,6313,6659,7383,6399,2137,5512,3885,3674,7571,2295,1921,5095,5065,3716,2072,5932,6795,6444,2363,7838,7622,5326,4726,7715,4187,7638,6739,7328,5415
123,437,1046,1056,1147,1203,1262,1445,1842,1857,2342,2462,2529,2738,3370,3457,3770,5269,5388,5606,5753,5998,6212,6815,7884,7941,8095,8154,1249,2144,3598,4090,5029,5309,5950,7013,7264,575,3099,1257,1869,1,2668,4847,5746,5863,5873,7484,3827,7358,7486,5566,1061,2287,2368,2953,7343,7096,1121,1994,2217,2305,2770,2820,3289,4376,4602,4959,5291,6059,2001,2625,3888,5387,5750,6766,8132,8212,3930,3748,5827,9,1166,1356,1465,1555,1840,1874,2042,2654,3015,3021,3088,3203,3375,3386,3412,3571,3752,3811,4007,4147,4413,4688,5144,5155,5268,5929,6021,6031,6382,6397,6431,6734,6883,6971,7112,7381,7394,260,2630,4531,5717,1676,1969,3433,3567,3983,4382,5686,5857,7533,2373,1339,1452,3005,4449,4589,211,686,1139,2068,3834,5616,5634,6198,6460,579,2210,2228,2819,2849,3685,4365,4535,5378,5700,5828,341,3208,4802,5502,5601,263,453,696,1312,1856,3060,3397,3825,4259,4377,4488,4678,5138,5687,5815,6168,6479,6505,6900,7100,7451,7577,3851,6621,7658,2355,5281,7534,2489,5452,6937,572,761,2062,2214,2480,2976,3270,3491,4613,5008,5050,6061,7060,7122,7682,324,2366,2600,4754,375,390,546,1329,2143,2160,2309,3220,4192,5581,5803,6385,167,504,574,1190,1511,1579,1743,1779,1838,1841,2087,2804,2876,2906,3218,3230,4132,4393,4817,4825,4922,5149,5277,5527,5775,5923,6028,6333,6472,7822,1375,1378,1543,1664,3009,3073,3476,3592,3887,4311,4475,4791,5691,6454,1198,1372,3357,3884,4707,5150,6264,280,1952,2557,3587,4461,5402,5526,6149,7212,7615,367,448,654,1404,1416,1631,1760,2054,2931,3265,3367,3475,3745,3747,4138,4363,4706,5546,6500,6959,6988,7402,7599,81,90,111,796,825,830,832,838,874,892,1000,7843,7898,7974,7992,8008,8041,8144,8168,8180,8240,8263,8309,8353,8362,13,5614,5146,5239,2660,4990,7707,15,2920,386,704,1583,3583,4696,4729,5084,6668,7319,7465,1308,1577,1580,1620,1783,2310,2610,2910,3586,3648,3688,3730,3836,4219,4346,4409,4505,4520,4973,4996,5206,5234,5448,5764,6025,6283,6406,6676,6837,7107,7148,7437,630,1627,3097,3826,4354,4755,7495,30,527,1550,3658,3663,4256,5055,5758,6698,6999,119,828,924,974,1098,1140,1162,7967,7990,8083,8276,8293,410,629,665,1907,2122,3025,3194,3653,3815,4223,4999,6193,6255,6457,7294,7614,483,499,526,573,1450,2442,2448,2975,3135,4889,5906,6728,7673,3335,3623,3726,4972,6602,6603,168,360,653,1632,1638,1836,1908,1958,1975,2656,2881,3193,3250,3340,3927,4440,4476,4526,4540,4642,4746,4801,5635,6355,7081,7082,7170,7325,399,3389,4022,5409,5893,6359,249,432,4033,3565,3993,7574,3527,5985,7321,2823,1640,6897,927,1054,1119,1222,1276,1324,1338,7927,7998,8007,8055,8070,8090,8252,17,1680,2659,3044,3381,3776,4708,6127,6211,6631,7494,7530,7689,7706,7778,262,415,1636,1901,1997,2671,3232,3469,3545,3847,3985,4065,5759,5830,6111,6576,6741,6980,7028,7035,6413,3939,4898,6178,2046,4092,4456,5792,6237,7184,245,694,1883,2814,2829,3308,3466,4283,7094,7749,7826,2116,2745,4016,4062,1894,3155,78,115,886,1001,1099,1161,1189,1321,1332,1397,1400,1442,1485,1609,4562,5026,3072,4590,5060,5246,2892,2226,2979,3051,3315,3430,7573,1728,2498,5142,5370,5980,898,1572,8088,8151,8221,20,63,2141,2454,3344,4073,4401,4827,4914,4962,5690,7303,7390,2425,2427,6089,7730,7756,496,2286,2551,2712,3317,3529,3784,4518,5242,5783,5988,160,956,1154,1351,1406,1528,7845,7960,8298,8326,22,607,2241,2613,3089,3970,4533,4614,4824,5081,5787,6410,6788,7045,7425,74,459,2642,5640,6103,6199,7284,5056,5170,6420,521,530,598,644,729,2773,2888,3052,3195,3328,3652,3796,4349,4433,5706,5749,6849,7226,7282,7808,46,3043,3205,3442,3456,3876,3893,4001,5051,5438,5633,6688,7156,396,3470,4012,3536,5767,169,862,1027,1195,1299,1340,1575,1669,1753,1809,1850,1889,1989,1990,1998,2056,7878,7901,7983,7988,8046,8098,8139,8201,8305,8318,8323,8360,23,2925,323,548,3014,3705,5809,7809,7814,6459,142,1289,2073,8257,35,325,3844,5504,6315,6409,7090,7508,7785,1084,1327,1832,7839,7745,2463,2501,2778,3301,3436,3959,6628,7695,139,904,2307,2364,8124,3682,28,500,4171,6926,6793,570,603,752,767,2714,2763,2969,3169,3240,3539,4357,4473,4511,4655,4757,5533,5588,5623,5654,5850,5995,6012,6130,6247,6248,6305,6740,6791,6975,6979,7220,7338,7752,7797,7807,659,3279,3967,4023,4055,5076,5513,5838,5877,6433,6697,7065,7116,7209,7576,703,3063,4499,4554,4987,5331,5496,6231,7146,7331,671,2860,2972,3086,3292,3355,3564,4900,5510,5782,6396,7675,132,243,868,926,1449,1487,1628,1773,1817,1839,1924,2004,2078,2123,2562,7924,8056,8068,8080,8265,8278,8332,8369,3458,3978,4202,4443,4527,4897,5073,5518,7208,3083,5171,5434,3006,6540,6372,679,3837,4167,4293,116,827,1127,1221,1223,1422,1532,1597,1851,2481,2484,2545,2568,2591,8233,3540,8297,2932,3907,2622,3920,4189,6911,5093,6280,3485,7385,4305,4793,7113,39,4422,6123,4667,7401,5116,7584,7746,3981,4364,5318,7823,4291,6118,6190,4201,4367,4508,5359,6309,6044,6529,7040,427,5316,4469,5903,114,238,271,281,361,818,1002,1255,1269,1371,1927,2010,2074,2140,2200,2215,2360,2418,2907,3093,3258,3366,3519,3530,3558,3642,7989,5714,8108,6218,392,897,2939,4933,5161,6215,7677,4918,7800,231,993,2177,2399,2900,4038,4041,8271,51,6644,7727,608,6641,7041,7307,556,1798,1967,2322,2492,2619,3092,3146,3668,7987,8250,5692,351,1522,1803,4604,5695,6701,1699,3401,7131,532,536,1076,1750,3179,3631,3636,4345,4952,56,6673,5603,272,1510,1576,1912,2016,2285,2861,3917,4808,5046,6394,6636,7186,6850,7301,1055,1174,1502,2230,3120,3393,4764,1895,8206,7403,7564,6432,490,1768,1825,2841,4290,7856,7259,682,7052,7320,7453,6539,7154,6562,7003,321,364,434,891,1384,1388,1552,1993,2093,2232,2237,2412,2440,2550,2670,2791,2845,2915,2968,3057,3106,3153,3166,3191,3768,3797,4072,4136,4142,4550,4631,4662,4668,5097,5327,5361,5395,5571,5696,5707,5745,5862,6017,6173,6228,7939,8003,8038,65,774,6881,7601,7764,7519,7541,202,522,988,1088,1091,1148,1199,1202,1389,1392,1507,1604,2151,2206,2337,2567,2697,2764,2981,3498,3868,3947,4121,4128,4339,4384,4620,4826,4834,5194,5305,5330,5801,6306,6335,6484,6507,6721,8031,8137,8161,8229,1414,2027,3175,3649,76,513,4938,7025,460,7976,8340,240,906,968,1271,5179,6187,6251,6649,7281,77,113,894,1915,4887,5030,3953,4360,4455,4606,5905,7109,581,3627,5360,6003,7979,3287,4029,5202,1951,2646,3152,4026,5966,6014,6364,8113,1690,3808,4301,6304,5117,5806,7482,2796,4852,3840,5503,2335,6674,6767,7588,3200,5489,6186,5609,2546,1689,2993,3982,6716,6743,7086,7542,2785,4496,4524,3861,545,3622,5698,6271,6389,7114,7245,2832,4261,4446,4635,6346,3231,3675,7558,648,2966,4607,758,1242,2124,3380,4139,6074,7095,623,1525,4275,3064,3833,7883,7889,7959,8167,8249,436,4079,4164,4239,6490,7111,7234,7393,7784,2663,5070,964,6464,6916,109,1360,2213,2769,3180,3951,4102,4425,4547,4599,5298,6030,6302,6623,6960,613,620,1774,1906,1944,2254,2768,2921,3838,5122,5134,5587,5770,6016,6194,7606,306,2235,949,7867,8002,8079,8156,8345,110,591,1021,4630,122,3094,5959,5785,2903,2043,7793,304,4626,5685,3500,443,953,1012,8178,3662,4848,3257,3510,780,4222,3062,1788,2729,3069,3741,4172,6934,5466,7242,2336,4074,182,524,6238,7819,180,352,493,1232,1888,2195,3467,3997,4106,4849,5235,5697,5967,6119,7027,3165,3382,5835,7329,5248,6091,2916,4366,469,528,7768,2635,5889,7446,1436,3225,7445,6633,4034,6303,8004,8149,8275,8299,8314,8368,4643,5439,4537,612,2711,481,5413,3746,8357,6495,561,4813,117,5643,3809,684,5106,6015,7000,7166,3769,5626,941,1043,4295,5732,7600,120,4487,5047,2518,486,1365,1394,1600,1677,4627,5949,7821,4818,1548,2204,4273,6202,130,1383,5747,4884,6085,5078,6390,7210,397,4864,6841,2862,3665,7250,2304,7670,1143,7920,1799,2302,1003,2008,6956,125,5445,197,3435,5741,3011,3196,3926,4255,6769,6983,7413,2218,4680,8019,497,769,1542,2097,5127,6568,6591,6770,6902,6984,3398,6750,1505,5082,6070,1275,2216,3010,6214,4135,826,980,7879,7933,258,4561,347,2147,2306,3582,4141,5811,7792,5299,1945,4203,4213,472,4358,6378,3731,4946,3517,5934,5960,7595,3026,4334,4807,7504,4820,6312,7888,7991,8094,8125,8237,131,1833,5088,4204,5515,5575,4732,1789,3443,2996,7539,1352,4227,5133,5973,235,4881,3299,6864,1984,5041,7155,444,1806,5631,159,365,1855,2106,2628,3307,4519,4538,5310,5864,6510,6594,7479,7607,5497,494,1784,2022,2909,3356,4644,6316,3490,5089,6365,3615,5175,5398,2159,3805,4902,5974,6126,6383,2451,3474,869,985,1074,1075,1402,3848,1920,1691,1826,7788,3263,2653,3298,801,890,1138,1311,7911,668,1802,2036,2453,2487,4129,5660,6458,447,2017,3209,4619,4976,616,1667,3249,4095,6541,8044,8371,5545,6230,7565,2830,5849,3277,6438,599,6362,3843,1006,1283,8084,8370,7643,844,992,8026,3252,5572,1787,5324,2196,5534,7340,3604,4011,5348,1395,7841,5151,2787,246,1058,187,3921,4741,7518,188,2315,2974,4211,5126,207,2179,3659,4262,771,1313,1666,4229,4340,194,6901,1541,3963,5676,1602,7610,3497,2351,3694,7444,201,691,2005,4934,5057,772,5689,3113,7400,7163,987,1191,1735,4763,4846,7211,3952,672,3526,5820,3350,4271,3824,6938,6590,3877,863,2570,4196,7999,237,3187,3984,7575,3346,4448,1015,1282,1403,6895,2469,6718,5596,7280,770,4666,5347,3087,2816,6696,2470,2883,4057,1534,7880,2231,6373,6627,6473,1022,247,5071,6124,7269,7359,1016,248,4795,4932,2967,5300,2822,3496,4420,1153,1345,1938,8346,6258,5644,7142,2784,426,3284,6939,322,3782,3404,4417,1504,1837,1865,7978,8179,267,4430,587,2877,2174,2507,6221,8354,7145,1405,5013,6338,813,2662,2684,4557,6764,1717,2121,5738,6511,7961,5332,4845,4542,5410,6239,377,4225,4374,7613,7786,3578,4216,3783,4258,5275,4484,6185,7550,1192,1241,1524,2261,2597,8247,4180,3816,1734,2580,2902,4927,3995,638,4008,4161,4278,6108,2626,4156,6150,1684,337,972,3849,5404,5516,7115,1005,2227,7509,7702,4595,6647,4648,6504,1790,2240,2929,7866,4586,348,4242,5598,5791,3812,6572,2510,7972,5613,4753,1407,353,3217,3793,6816,7769,4176,3756,6494,2475,419,5311,7452,1251,1877,418,5399,4406,5374,715,402,6499,7581,955,1325,1434,1566,1663,2547,2596,2602,2731,2797,2850,8138,8356,1852,8052,716,1451,3251,7847,816,5599,4140,6928,1009,7365,609,6501,6377,1761,2505,6308,6686,4486,1458,3235,3605,8222,8330,7418,7291,4829,5432,3904,7483,3590,7777,3031,6575,5195,6886,7448,781,6022,4742,6427,1168,1829,2493,4109,7517,7118,5679,4836,6147,6961,3297,2851,5994,482,5763,3846,3321,7596,5965,6328,7227,6450,1479,5077,6834,3429,7243,1807,2793,4445,7408,6395,6742,996,3134,5087,6626,876,3414,543,6213,6363,2669,2792,895,8266,5523,7055,8355,5213,5699,3399,3853,4247,7080,7219,2520,4302,4307,4787,5739,3273,3418,4405,4861,995,1932,2995,7926,622,4992,2070,2798,3137,5340,932,6240,4888,2569,810,1682,2477,717,765,5976,775,5312,7236,8024,7110,5762,8089,7848,4372,6885,836,1100,7825,2689,3680,6090,2105,4421,2165,7963,2049,5027,8277,5123,1196,1435,4585,6071,1931,1207,1208,1446,4958,7865,3883,5338,5645,5891,7887,8040,4127,2066,2795,2971,4730,3226,1804,2598,1882,4166,3842,2057,7844,2069,3264,5128,4580,5205,6675,3845,2471,2698,2858,3444,6381,4246,3965,2928,4731,6128,7481,3278,4115,8372,5389,4770
0,181,1634,1713,2028,2530,2950,3241,3245,3415,4047,4691,5710,6227,6465,7634,628,1701,2930,4310,4651,6475,6836,7594,3800,7067,804,1396,1165,4776,3186,4994,465,3698,4780,6586,4116,2685,6733,7249,2258,439,2201,2708,3139,3874,7002,7012,172,1167,1183,1231,1491,1687,7968,8350,778,2524,5879,6827,624,3480,3039,4071,6713,2984,6664,1220,1560,1563,1618,1940,24,2482,3725,4005,6489,138,8051,67,5742,5101,6635,6765,7058,3807,4785,5751,2486,8243,3511,3391,7360,5955,3753,3486,3901,4238,5826,6164,6260,6755,6899,75,3960,4146,5583,7310,1164,1170,2347,7032,6535,327,1545,7480,5622,937,1157,2350,3281,5651,939,2680,4281,6702,5301,340,1537,8102,1918,6318,6768,7414,485,2365,2705,4254,4621,5323,7004,1513,547,7914,969,3537,4702,6329,4100,4665,2710,4373,5114,6174,7676,7758,6531,8187,1771,3712,6618,7881,1835,6084,124,2624,2863,4474,4800,5024,7158,3300,5705,2864,7010,3610,3990,5694,5845,1770,4567,4828,2279,4926,6738,1117,1250,3168,4799,1444,3347,4459,4516,5285,5422,6334,6903,4468,1681,1844,2767,6729,1025,1044,1066,1359,4775,7726,2178,7621,555,7270,3293,3573,7846,2733,1212,171,6799,335,370,1757,2271,1030,3775,817,190,4470,2790,3912,2497,7430,4957,6824,206,4157,5475,6428,3001,6300,7176,1274,1891,8282,5890,6159,3735,5049,4759,5062,6358,3247,2229,4250,4676,5005,8248,6630,634,637,3513,6274,6566,7062,6275,5321,1456,8244,5345,1418,6803,250,431,3866,5181,6097,6826,7490,565,3473,2922,4375,865,940,959,1873,1885,8202,8258,256,318,618,2898,3080,3576,3690,4878,5520,6057,7085,7202,3271,3943,558,7187,6932,957,1540,1568,1598,2443,8054,8129,8183,1379,303,4044,1782,8274,2955,4645,301,6751,3248,4049,2148,310,7644,1812,5166,6352,5624,1040,2099,5411,6749,5740,975,3882,8150,3542,1411,369,7014,733,3147,404,7354,5394,7818,6083,6476,1489,1608,3487,8127,8207,8349,7548,6140,7903,1341,1105,7306,537,562,566,7932,3946,8023,4507,6695,5842,1716,3532,7199,3871,2169,2255,2719,1225,1739,5662,2774,7568,5283,7714,1665,1764,6314,5542,8337,1909,2270,2377,5294,3339
316,2249,94,184,2911,3719,4070,479,3065,6292,6544,823,8058,3791,2742,6997,118,4502,149,6136,6731,2893,8006,6976,8025,5147,2189,7470,257,3400,4684,6810,4319,283,4955,398,745,5563,7289,4806,5054,5564,5618,7477,5733,5846,1149,3075,3077,907,1032,5639,5871,5896,8075,920,1539,2186,3190,3362,3640,3644,4010,5559,8365,4998,1492,2536,7938,2037,5199,2038,2161,4003,6583,2749,3372,4435,6973,2751,2276,3452,7295,3070,3076,3961,6442,4950,7476,8218,7420,4866,2727,3903,2990,3515,3521,4017,3879,4052,4317,4318,8197,4634,5943,6049,7925,6146
7,158,315,5908,1024,6418,7380,2219,5368,5011,3038,3732,5608,6908,663,4190,3238,4270,5031,5185,1333,1561,1767,1038,592,1966,7824,762,104,4841,3566,6694,8101,5261,7223,3107,3867,6968,1712,664,2801,8012,239,3396,1218,5016,3550,739,5485,6653,6206,4920,5229,4143,6107,905,4492,7666,6604,963,1624,6176,7016,4193,1169,1245,4387,7642,4337,4882,3259,1831,3721,3684,7364,5212,7690,4113,5216
7650,1270,2599,7820,6914,7855,236,3438,11,5795,4309,5111,7191,8050,19,305,6042,6965,4591,617,642,3000,5255,5569,108,380,994,7860,6655,178,4725,8191,7277,2314,5297,7660,6320,3633,7119,1590,4371,7362,430,3639,336,754,4867,779,5942,4964,2632,8081,1042,7478,2077,395,8028,4925,3792,7342,2318,7952,8036,6907,1219,2358,7132,6807,2686,982,4903,4481,1443,6783,2244,2263,6724,3417,2732,4805,4294,3676,6195,7790
2115,72,7591,1290,2535,5003,6361,87,3100,4853,6887,7087,516,3928,5266,5665,2980,5120,6259,147,7314,3316,6800,7739,2865,6857,6512,1755,881,8335,164,2691,487,5109,7582,2538,7523,822,930,1130,2250,3178,4703,7435,289,4385,5579,5159,4076,1017,1291,1732,2566,1094,2199,3661,5209,4300,5887,4243,1943,4457,5920,1996,5096,5152,6411,2760,8329,3620,5469,2283,2614,4529,2855,3449,5352,7842,8358,7981,2109,3628,7020,5531,7200,5356,8312
